--------------------------------------------------------
--  파일이 생성됨 - 금요일-6월-10-2022   
--------------------------------------------------------
--------------------------------------------------------
--  DDL for Table SU_BOARD
--------------------------------------------------------

  CREATE TABLE "ADMIN"."SU_BOARD" 
   (	"BOARD_NO" NUMBER, 
	"MEMBER_NO" NUMBER, 
	"BOARD_TITLE" VARCHAR2(300 BYTE) COLLATE "USING_NLS_COMP", 
	"BOARD_CONTENT" VARCHAR2(4000 BYTE) COLLATE "USING_NLS_COMP", 
	"BOARD_DATE" DATE, 
	"BOARD_READ_COUNT" NUMBER, 
	"BOARD_CATEGORI" VARCHAR2(100 BYTE) COLLATE "USING_NLS_COMP"
   )  DEFAULT COLLATION "USING_NLS_COMP" SEGMENT CREATION DEFERRED 
  PCTFREE 10 PCTUSED 40 INITRANS 10 MAXTRANS 255 
 NOCOMPRESS LOGGING
  TABLESPACE "DATA" ;
--------------------------------------------------------
--  DDL for Table SU_BOARD_ATTACHMENT
--------------------------------------------------------

  CREATE TABLE "ADMIN"."SU_BOARD_ATTACHMENT" 
   (	"BOARD_ATTACHMENT_NO" NUMBER, 
	"BOARD_NO" NUMBER, 
	"BOARD_ATTACHMENT_ORIGINAL_FILENAME" VARCHAR2(255 BYTE) COLLATE "USING_NLS_COMP", 
	"BOARD_ATTACHMENT_RENAMED_FILENAME" VARCHAR2(255 BYTE) COLLATE "USING_NLS_COMP"
   )  DEFAULT COLLATION "USING_NLS_COMP" SEGMENT CREATION IMMEDIATE 
  PCTFREE 10 PCTUSED 40 INITRANS 10 MAXTRANS 255 
 NOCOMPRESS LOGGING
  STORAGE(INITIAL 65536 NEXT 1048576 MINEXTENTS 1 MAXEXTENTS 2147483645
  PCTINCREASE 0 FREELISTS 1 FREELIST GROUPS 1
  BUFFER_POOL DEFAULT FLASH_CACHE DEFAULT CELL_FLASH_CACHE DEFAULT)
  TABLESPACE "DATA" ;
--------------------------------------------------------
--  DDL for Table SU_BOARD_COMMENT
--------------------------------------------------------

  CREATE TABLE "ADMIN"."SU_BOARD_COMMENT" 
   (	"COMMENT_NO" NUMBER, 
	"BOARD_NO" NUMBER, 
	"MEMBER_NO" NUMBER, 
	"COMMENT_DATE" DATE
   )  DEFAULT COLLATION "USING_NLS_COMP" SEGMENT CREATION DEFERRED 
  PCTFREE 10 PCTUSED 40 INITRANS 10 MAXTRANS 255 
 NOCOMPRESS LOGGING
  TABLESPACE "DATA" ;
--------------------------------------------------------
--  DDL for Table SU_CHATCONTENT
--------------------------------------------------------

  CREATE TABLE "ADMIN"."SU_CHATCONTENT" 
   (	"CHATCONTENT_NO" NUMBER, 
	"CHATROOM_NO" NUMBER, 
	"MEMBER_NO" NUMBER, 
	"CHATCONTENT_CONTENT" VARCHAR2(1000 BYTE) COLLATE "USING_NLS_COMP", 
	"CHATCONTENT_DATE" DATE
   )  DEFAULT COLLATION "USING_NLS_COMP" SEGMENT CREATION DEFERRED 
  PCTFREE 10 PCTUSED 40 INITRANS 10 MAXTRANS 255 
 NOCOMPRESS LOGGING
  TABLESPACE "DATA" ;
--------------------------------------------------------
--  DDL for Table SU_CHATROOM
--------------------------------------------------------

  CREATE TABLE "ADMIN"."SU_CHATROOM" 
   (	"CHATROOM_NO" NUMBER, 
	"MEMBER_NO" NUMBER
   )  DEFAULT COLLATION "USING_NLS_COMP" SEGMENT CREATION DEFERRED 
  PCTFREE 10 PCTUSED 40 INITRANS 10 MAXTRANS 255 
 NOCOMPRESS LOGGING
  TABLESPACE "DATA" ;
--------------------------------------------------------
--  DDL for Table SU_DEPARTMENT
--------------------------------------------------------

  CREATE TABLE "ADMIN"."SU_DEPARTMENT" 
   (	"DEPARTMENT_NO" VARCHAR2(100 BYTE) COLLATE "USING_NLS_COMP", 
	"DEPARMENT_NAME" VARCHAR2(100 BYTE) COLLATE "USING_NLS_COMP"
   )  DEFAULT COLLATION "USING_NLS_COMP" SEGMENT CREATION IMMEDIATE 
  PCTFREE 10 PCTUSED 40 INITRANS 10 MAXTRANS 255 
 NOCOMPRESS LOGGING
  STORAGE(INITIAL 65536 NEXT 1048576 MINEXTENTS 1 MAXEXTENTS 2147483645
  PCTINCREASE 0 FREELISTS 1 FREELIST GROUPS 1
  BUFFER_POOL DEFAULT FLASH_CACHE DEFAULT CELL_FLASH_CACHE DEFAULT)
  TABLESPACE "DATA" ;
--------------------------------------------------------
--  DDL for Table SU_GRADE
--------------------------------------------------------

  CREATE TABLE "ADMIN"."SU_GRADE" 
   (	"REGISTER_NO" NUMBER, 
	"GRADE_MIDDLE" NUMBER, 
	"GRADE_FINAL" NUMBER, 
	"GRADE_ASSIGNMENT" NUMBER, 
	"GRADE_ATTEND" NUMBER
   )  DEFAULT COLLATION "USING_NLS_COMP" SEGMENT CREATION DEFERRED 
  PCTFREE 10 PCTUSED 40 INITRANS 10 MAXTRANS 255 
 NOCOMPRESS LOGGING
  TABLESPACE "DATA" ;
--------------------------------------------------------
--  DDL for Table SU_MEMBER
--------------------------------------------------------

  CREATE TABLE "ADMIN"."SU_MEMBER" 
   (	"MEMBER_NO" NUMBER, 
	"DEPARTMENT_NO" VARCHAR2(100 BYTE) COLLATE "USING_NLS_COMP", 
	"MEMBER_ID" VARCHAR2(25 BYTE) COLLATE "USING_NLS_COMP", 
	"MEMBER_PW" VARCHAR2(25 BYTE) COLLATE "USING_NLS_COMP", 
	"MEMBER_NAME" VARCHAR2(25 BYTE) COLLATE "USING_NLS_COMP", 
	"MEMBER_BIRTH" DATE, 
	"MEMBER_PHONE" CHAR(11 BYTE) COLLATE "USING_NLS_COMP", 
	"MEMBER_EMAIL" VARCHAR2(200 BYTE) COLLATE "USING_NLS_COMP", 
	"MEMBER_IMG" VARCHAR2(500 BYTE) COLLATE "USING_NLS_COMP", 
	"MEMBER_ROLE" CHAR(1 BYTE) COLLATE "USING_NLS_COMP", 
	"MEMBER_LEVEL" CHAR(1 BYTE) COLLATE "USING_NLS_COMP", 
	"ENROLL_DATE" DATE DEFAULT sysdate
   )  DEFAULT COLLATION "USING_NLS_COMP" SEGMENT CREATION IMMEDIATE 
  PCTFREE 10 PCTUSED 40 INITRANS 10 MAXTRANS 255 
 NOCOMPRESS LOGGING
  STORAGE(INITIAL 65536 NEXT 1048576 MINEXTENTS 1 MAXEXTENTS 2147483645
  PCTINCREASE 0 FREELISTS 1 FREELIST GROUPS 1
  BUFFER_POOL DEFAULT FLASH_CACHE DEFAULT CELL_FLASH_CACHE DEFAULT)
  TABLESPACE "DATA" ;
--------------------------------------------------------
--  DDL for Table SU_NOTICE
--------------------------------------------------------

  CREATE TABLE "ADMIN"."SU_NOTICE" 
   (	"NOTICE_NO" NUMBER, 
	"MEMBER_NO" NUMBER, 
	"NOTICE_TITLE" VARCHAR2(300 BYTE) COLLATE "USING_NLS_COMP", 
	"NOTICE_CONTENT" VARCHAR2(4000 BYTE) COLLATE "USING_NLS_COMP", 
	"NOTICE_DATE" DATE, 
	"NOTICE_READ_COUNT" NUMBER
   )  DEFAULT COLLATION "USING_NLS_COMP" SEGMENT CREATION DEFERRED 
  PCTFREE 10 PCTUSED 40 INITRANS 10 MAXTRANS 255 
 NOCOMPRESS LOGGING
  TABLESPACE "DATA" ;
--------------------------------------------------------
--  DDL for Table SU_NOTICE_ATTACHMENT
--------------------------------------------------------

  CREATE TABLE "ADMIN"."SU_NOTICE_ATTACHMENT" 
   (	"NOTICE_ATTACHMENT_NO" NUMBER, 
	"NOTICE_NO" NUMBER, 
	"NOTICE_ATTACHMENT_ORIGINAL_FILENAME" VARCHAR2(255 BYTE) COLLATE "USING_NLS_COMP", 
	"NOTICE_ATTACHMENT_RENAME_FILENAME" VARCHAR2(255 BYTE) COLLATE "USING_NLS_COMP"
   )  DEFAULT COLLATION "USING_NLS_COMP" SEGMENT CREATION DEFERRED 
  PCTFREE 10 PCTUSED 40 INITRANS 10 MAXTRANS 255 
 NOCOMPRESS LOGGING
  TABLESPACE "DATA" ;
--------------------------------------------------------
--  DDL for Table SU_REGISTER
--------------------------------------------------------

  CREATE TABLE "ADMIN"."SU_REGISTER" 
   (	"REGISTER_NO" NUMBER, 
	"SUBJECT_NO" VARCHAR2(100 BYTE) COLLATE "USING_NLS_COMP", 
	"MEMBER_NO" NUMBER
   )  DEFAULT COLLATION "USING_NLS_COMP" SEGMENT CREATION DEFERRED 
  PCTFREE 10 PCTUSED 40 INITRANS 10 MAXTRANS 255 
 NOCOMPRESS LOGGING
  TABLESPACE "DATA" ;
--------------------------------------------------------
--  DDL for Table SU_SUBJECT
--------------------------------------------------------

  CREATE TABLE "ADMIN"."SU_SUBJECT" 
   (	"SUBJECT_NO" VARCHAR2(100 BYTE) COLLATE "USING_NLS_COMP", 
	"MEMBER_NO" NUMBER, 
	"DEPARTMENT_NO" VARCHAR2(100 BYTE) COLLATE "USING_NLS_COMP", 
	"SUBJECT_NAME" VARCHAR2(100 BYTE) COLLATE "USING_NLS_COMP", 
	"SUBJECT_TIME" VARCHAR2(100 BYTE) COLLATE "USING_NLS_COMP", 
	"SUBJECT_CLASSROOM" VARCHAR2(25 BYTE) COLLATE "USING_NLS_COMP", 
	"SUBJECT_CREDIT" CHAR(1 BYTE) COLLATE "USING_NLS_COMP", 
	"SUBJECT_LEBEL" CHAR(1 BYTE) COLLATE "USING_NLS_COMP", 
	"SUBJECT_TERM" VARCHAR2(25 BYTE) COLLATE "USING_NLS_COMP"
   )  DEFAULT COLLATION "USING_NLS_COMP" SEGMENT CREATION IMMEDIATE 
  PCTFREE 10 PCTUSED 40 INITRANS 10 MAXTRANS 255 
 NOCOMPRESS LOGGING
  STORAGE(INITIAL 65536 NEXT 1048576 MINEXTENTS 1 MAXEXTENTS 2147483645
  PCTINCREASE 0 FREELISTS 1 FREELIST GROUPS 1
  BUFFER_POOL DEFAULT FLASH_CACHE DEFAULT CELL_FLASH_CACHE DEFAULT)
  TABLESPACE "DATA" ;
REM INSERTING into ADMIN.SU_BOARD
SET DEFINE OFF;
REM INSERTING into ADMIN.SU_BOARD_ATTACHMENT
SET DEFINE OFF;
REM INSERTING into ADMIN.SU_BOARD_COMMENT
SET DEFINE OFF;
REM INSERTING into ADMIN.SU_CHATCONTENT
SET DEFINE OFF;
REM INSERTING into ADMIN.SU_CHATROOM
SET DEFINE OFF;
REM INSERTING into ADMIN.SU_DEPARTMENT
SET DEFINE OFF;
Insert into ADMIN.SU_DEPARTMENT (DEPARTMENT_NO,DEPARMENT_NAME) values ('D1','컴퓨터소프트웨어학과');
Insert into ADMIN.SU_DEPARTMENT (DEPARTMENT_NO,DEPARMENT_NAME) values ('D2','정보통신공학과');
Insert into ADMIN.SU_DEPARTMENT (DEPARTMENT_NO,DEPARMENT_NAME) values ('D3','전자공학과');
Insert into ADMIN.SU_DEPARTMENT (DEPARTMENT_NO,DEPARMENT_NAME) values ('D4','생활체육과');
Insert into ADMIN.SU_DEPARTMENT (DEPARTMENT_NO,DEPARMENT_NAME) values ('D5','경영학과');
REM INSERTING into ADMIN.SU_GRADE
SET DEFINE OFF;
REM INSERTING into ADMIN.SU_MEMBER
SET DEFINE OFF;
Insert into ADMIN.SU_MEMBER (MEMBER_NO,DEPARTMENT_NO,MEMBER_ID,MEMBER_PW,MEMBER_NAME,MEMBER_BIRTH,MEMBER_PHONE,MEMBER_EMAIL,MEMBER_IMG,MEMBER_ROLE,MEMBER_LEVEL,ENROLL_DATE) values (7,'D3','electric01','1234','전교수',to_date('66/06/06','RR/MM/DD'),'01012381239','electric01@gmail,com',null,'P',null,to_date('22/06/10','RR/MM/DD'));
Insert into ADMIN.SU_MEMBER (MEMBER_NO,DEPARTMENT_NO,MEMBER_ID,MEMBER_PW,MEMBER_NAME,MEMBER_BIRTH,MEMBER_PHONE,MEMBER_EMAIL,MEMBER_IMG,MEMBER_ROLE,MEMBER_LEVEL,ENROLL_DATE) values (8,'D3','electric02','1234','장교수',to_date('55/05/05','RR/MM/DD'),'01012371235','electric012@gmail.com',null,'P',null,to_date('22/06/10','RR/MM/DD'));
Insert into ADMIN.SU_MEMBER (MEMBER_NO,DEPARTMENT_NO,MEMBER_ID,MEMBER_PW,MEMBER_NAME,MEMBER_BIRTH,MEMBER_PHONE,MEMBER_EMAIL,MEMBER_IMG,MEMBER_ROLE,MEMBER_LEVEL,ENROLL_DATE) values (9,'D3','electric03','1234','송교수',to_date('77/07/07','RR/MM/DD'),'01012311232','electric03@gmail.com',null,'P',null,to_date('22/06/10','RR/MM/DD'));
Insert into ADMIN.SU_MEMBER (MEMBER_NO,DEPARTMENT_NO,MEMBER_ID,MEMBER_PW,MEMBER_NAME,MEMBER_BIRTH,MEMBER_PHONE,MEMBER_EMAIL,MEMBER_IMG,MEMBER_ROLE,MEMBER_LEVEL,ENROLL_DATE) values (10,'D5','kimgy','1234','김경영',to_date('65/12/18','RR/MM/DD'),'01098769876','kimgy@gmail.com',null,'P',null,to_date('22/06/10','RR/MM/DD'));
Insert into ADMIN.SU_MEMBER (MEMBER_NO,DEPARTMENT_NO,MEMBER_ID,MEMBER_PW,MEMBER_NAME,MEMBER_BIRTH,MEMBER_PHONE,MEMBER_EMAIL,MEMBER_IMG,MEMBER_ROLE,MEMBER_LEVEL,ENROLL_DATE) values (11,'D5','leegy','1234','이경영',to_date('70/12/04','RR/MM/DD'),'01078787878','leegy@gmail.com',null,'P',null,to_date('22/06/10','RR/MM/DD'));
Insert into ADMIN.SU_MEMBER (MEMBER_NO,DEPARTMENT_NO,MEMBER_ID,MEMBER_PW,MEMBER_NAME,MEMBER_BIRTH,MEMBER_PHONE,MEMBER_EMAIL,MEMBER_IMG,MEMBER_ROLE,MEMBER_LEVEL,ENROLL_DATE) values (12,'D5','parkgy','1234','박경영',to_date('59/01/23','RR/MM/DD'),'01056568787','parkgy@gmail.com',null,'P',null,to_date('22/06/10','RR/MM/DD'));
Insert into ADMIN.SU_MEMBER (MEMBER_NO,DEPARTMENT_NO,MEMBER_ID,MEMBER_PW,MEMBER_NAME,MEMBER_BIRTH,MEMBER_PHONE,MEMBER_EMAIL,MEMBER_IMG,MEMBER_ROLE,MEMBER_LEVEL,ENROLL_DATE) values (4,'D1','computer1','1234','홍창기',to_date('80/06/22','RR/MM/DD'),'01012341234','computer1@naver.com',null,'P',null,to_date('22/06/10','RR/MM/DD'));
Insert into ADMIN.SU_MEMBER (MEMBER_NO,DEPARTMENT_NO,MEMBER_ID,MEMBER_PW,MEMBER_NAME,MEMBER_BIRTH,MEMBER_PHONE,MEMBER_EMAIL,MEMBER_IMG,MEMBER_ROLE,MEMBER_LEVEL,ENROLL_DATE) values (5,'D1','computer2','1234','이재원',to_date('90/06/22','RR/MM/DD'),'01012341234','computer2@naver.com',null,'P',null,to_date('22/06/10','RR/MM/DD'));
Insert into ADMIN.SU_MEMBER (MEMBER_NO,DEPARTMENT_NO,MEMBER_ID,MEMBER_PW,MEMBER_NAME,MEMBER_BIRTH,MEMBER_PHONE,MEMBER_EMAIL,MEMBER_IMG,MEMBER_ROLE,MEMBER_LEVEL,ENROLL_DATE) values (6,'D1','computer3','1234','오지환',to_date('70/06/22','RR/MM/DD'),'01012341234','computer3@naver.com',null,'P',null,to_date('22/06/10','RR/MM/DD'));
Insert into ADMIN.SU_MEMBER (MEMBER_NO,DEPARTMENT_NO,MEMBER_ID,MEMBER_PW,MEMBER_NAME,MEMBER_BIRTH,MEMBER_PHONE,MEMBER_EMAIL,MEMBER_IMG,MEMBER_ROLE,MEMBER_LEVEL,ENROLL_DATE) values (1,'D2','codinggosu','1234','김고수',to_date('60/05/15','RR/MM/DD'),'01012345678','gosu@naver.com',null,'P',null,to_date('22/06/10','RR/MM/DD'));
Insert into ADMIN.SU_MEMBER (MEMBER_NO,DEPARTMENT_NO,MEMBER_ID,MEMBER_PW,MEMBER_NAME,MEMBER_BIRTH,MEMBER_PHONE,MEMBER_EMAIL,MEMBER_IMG,MEMBER_ROLE,MEMBER_LEVEL,ENROLL_DATE) values (2,'D2','sqlgosu','1234','엘고수',to_date('59/04/13','RR/MM/DD'),'01012123434','sql@naver.com',null,'P',null,to_date('22/06/10','RR/MM/DD'));
Insert into ADMIN.SU_MEMBER (MEMBER_NO,DEPARTMENT_NO,MEMBER_ID,MEMBER_PW,MEMBER_NAME,MEMBER_BIRTH,MEMBER_PHONE,MEMBER_EMAIL,MEMBER_IMG,MEMBER_ROLE,MEMBER_LEVEL,ENROLL_DATE) values (3,'D2','ajaxgosu','1234','아고수',to_date('70/03/03','RR/MM/DD'),'01012341212','ajax@naver.com',null,'P',null,to_date('22/06/10','RR/MM/DD'));
Insert into ADMIN.SU_MEMBER (MEMBER_NO,DEPARTMENT_NO,MEMBER_ID,MEMBER_PW,MEMBER_NAME,MEMBER_BIRTH,MEMBER_PHONE,MEMBER_EMAIL,MEMBER_IMG,MEMBER_ROLE,MEMBER_LEVEL,ENROLL_DATE) values (13,'D4','physical','1234','한운동',to_date('62/06/01','RR/MM/DD'),'01014235020','physical@gmail.com',null,'P',null,to_date('22/06/10','RR/MM/DD'));
Insert into ADMIN.SU_MEMBER (MEMBER_NO,DEPARTMENT_NO,MEMBER_ID,MEMBER_PW,MEMBER_NAME,MEMBER_BIRTH,MEMBER_PHONE,MEMBER_EMAIL,MEMBER_IMG,MEMBER_ROLE,MEMBER_LEVEL,ENROLL_DATE) values (14,'D4','ohohs','1234','오정현',to_date('56/12/25','RR/MM/DD'),'01094805536','ohohs@naver.com',null,'P',null,to_date('22/06/10','RR/MM/DD'));
Insert into ADMIN.SU_MEMBER (MEMBER_NO,DEPARTMENT_NO,MEMBER_ID,MEMBER_PW,MEMBER_NAME,MEMBER_BIRTH,MEMBER_PHONE,MEMBER_EMAIL,MEMBER_IMG,MEMBER_ROLE,MEMBER_LEVEL,ENROLL_DATE) values (15,'D4','swims','1234','박태환',to_date('89/09/27','RR/MM/DD'),'01089092727','park@naver.com',null,'P',null,to_date('22/06/10','RR/MM/DD'));
REM INSERTING into ADMIN.SU_NOTICE
SET DEFINE OFF;
REM INSERTING into ADMIN.SU_NOTICE_ATTACHMENT
SET DEFINE OFF;
REM INSERTING into ADMIN.SU_REGISTER
SET DEFINE OFF;
REM INSERTING into ADMIN.SU_SUBJECT
SET DEFINE OFF;
Insert into ADMIN.SU_SUBJECT (SUBJECT_NO,MEMBER_NO,DEPARTMENT_NO,SUBJECT_NAME,SUBJECT_TIME,SUBJECT_CLASSROOM,SUBJECT_CREDIT,SUBJECT_LEBEL,SUBJECT_TERM) values ('D3-2202S1',7,'D3','전자기학','1교시~3교시','201호','3','3','2022년도 2학기');
Insert into ADMIN.SU_SUBJECT (SUBJECT_NO,MEMBER_NO,DEPARTMENT_NO,SUBJECT_NAME,SUBJECT_TIME,SUBJECT_CLASSROOM,SUBJECT_CREDIT,SUBJECT_LEBEL,SUBJECT_TERM) values ('D3-2202S2',7,'D3','에너지시스템설계','1교시~3교시','202호','3','3','2022년도 2학기');
Insert into ADMIN.SU_SUBJECT (SUBJECT_NO,MEMBER_NO,DEPARTMENT_NO,SUBJECT_NAME,SUBJECT_TIME,SUBJECT_CLASSROOM,SUBJECT_CREDIT,SUBJECT_LEBEL,SUBJECT_TERM) values ('D3-2202S3',7,'D3','제어시스템설계','1교시~3교시','203호','3','2','2022년도 2학기');
Insert into ADMIN.SU_SUBJECT (SUBJECT_NO,MEMBER_NO,DEPARTMENT_NO,SUBJECT_NAME,SUBJECT_TIME,SUBJECT_CLASSROOM,SUBJECT_CREDIT,SUBJECT_LEBEL,SUBJECT_TERM) values ('D3-2202S4',8,'D3','로봇응용설계','1교시~3교시','204호','3','3','2022년도 2학기');
Insert into ADMIN.SU_SUBJECT (SUBJECT_NO,MEMBER_NO,DEPARTMENT_NO,SUBJECT_NAME,SUBJECT_TIME,SUBJECT_CLASSROOM,SUBJECT_CREDIT,SUBJECT_LEBEL,SUBJECT_TERM) values ('D3-2202S5',8,'D3','신호및시스템','1교시~4교시','205호','3','3','2022년도 2학기');
Insert into ADMIN.SU_SUBJECT (SUBJECT_NO,MEMBER_NO,DEPARTMENT_NO,SUBJECT_NAME,SUBJECT_TIME,SUBJECT_CLASSROOM,SUBJECT_CREDIT,SUBJECT_LEBEL,SUBJECT_TERM) values ('D3-2202S6',8,'D3','멀티미디어학개론','1교시~4교시','206호','3','2','2022년도 2학기');
Insert into ADMIN.SU_SUBJECT (SUBJECT_NO,MEMBER_NO,DEPARTMENT_NO,SUBJECT_NAME,SUBJECT_TIME,SUBJECT_CLASSROOM,SUBJECT_CREDIT,SUBJECT_LEBEL,SUBJECT_TERM) values ('D3-2202S7',9,'D3','인공지능심화학','1교시~5교시','207호','3','3','2022년도 2학기');
Insert into ADMIN.SU_SUBJECT (SUBJECT_NO,MEMBER_NO,DEPARTMENT_NO,SUBJECT_NAME,SUBJECT_TIME,SUBJECT_CLASSROOM,SUBJECT_CREDIT,SUBJECT_LEBEL,SUBJECT_TERM) values ('D3-2202S8',9,'D3','무인기시험평가이론과실제','1교시~4교시','208호','3','3','2022년도 2학기');
Insert into ADMIN.SU_SUBJECT (SUBJECT_NO,MEMBER_NO,DEPARTMENT_NO,SUBJECT_NAME,SUBJECT_TIME,SUBJECT_CLASSROOM,SUBJECT_CREDIT,SUBJECT_LEBEL,SUBJECT_TERM) values ('D3-2202S9',9,'D3','드론3D매핑','1교시~5교시','209호','3','3','2022년도 2학기');
Insert into ADMIN.SU_SUBJECT (SUBJECT_NO,MEMBER_NO,DEPARTMENT_NO,SUBJECT_NAME,SUBJECT_TIME,SUBJECT_CLASSROOM,SUBJECT_CREDIT,SUBJECT_LEBEL,SUBJECT_TERM) values ('D5-2202S1',10,'D5','경영학개론','1교시~3교시','302호','3','1','2022년도 2학기');
Insert into ADMIN.SU_SUBJECT (SUBJECT_NO,MEMBER_NO,DEPARTMENT_NO,SUBJECT_NAME,SUBJECT_TIME,SUBJECT_CLASSROOM,SUBJECT_CREDIT,SUBJECT_LEBEL,SUBJECT_TERM) values ('D5-2202S2',10,'D5','경영정보시스템','4교시~6교시','305호','2','3','2022년도 2학기');
Insert into ADMIN.SU_SUBJECT (SUBJECT_NO,MEMBER_NO,DEPARTMENT_NO,SUBJECT_NAME,SUBJECT_TIME,SUBJECT_CLASSROOM,SUBJECT_CREDIT,SUBJECT_LEBEL,SUBJECT_TERM) values ('D5-2202S3',10,'D5','생산관리','4교시~6교시','301호','3','2','2022년도 2학기');
Insert into ADMIN.SU_SUBJECT (SUBJECT_NO,MEMBER_NO,DEPARTMENT_NO,SUBJECT_NAME,SUBJECT_TIME,SUBJECT_CLASSROOM,SUBJECT_CREDIT,SUBJECT_LEBEL,SUBJECT_TERM) values ('D5-2202S4',11,'D5','재무관리','1교시~3교시','302호','3','3','2022년도 2학기');
Insert into ADMIN.SU_SUBJECT (SUBJECT_NO,MEMBER_NO,DEPARTMENT_NO,SUBJECT_NAME,SUBJECT_TIME,SUBJECT_CLASSROOM,SUBJECT_CREDIT,SUBJECT_LEBEL,SUBJECT_TERM) values ('D5-2202S5',11,'D5','인적자원관리','1교시~3교시','304호','3','2','2022년도 2학기');
Insert into ADMIN.SU_SUBJECT (SUBJECT_NO,MEMBER_NO,DEPARTMENT_NO,SUBJECT_NAME,SUBJECT_TIME,SUBJECT_CLASSROOM,SUBJECT_CREDIT,SUBJECT_LEBEL,SUBJECT_TERM) values ('D5-2202S6',11,'D5','회계원리','4교시~6교시','302호','3','2','2022년도 2학기');
Insert into ADMIN.SU_SUBJECT (SUBJECT_NO,MEMBER_NO,DEPARTMENT_NO,SUBJECT_NAME,SUBJECT_TIME,SUBJECT_CLASSROOM,SUBJECT_CREDIT,SUBJECT_LEBEL,SUBJECT_TERM) values ('D5-2202S7',12,'D5','마케팅개론','1교시~3교시','307호','2','1','2022년도 2학기');
Insert into ADMIN.SU_SUBJECT (SUBJECT_NO,MEMBER_NO,DEPARTMENT_NO,SUBJECT_NAME,SUBJECT_TIME,SUBJECT_CLASSROOM,SUBJECT_CREDIT,SUBJECT_LEBEL,SUBJECT_TERM) values ('D5-2202S8',12,'D5','국제경영','4교시~6교시','309호','2','1','2022년도 2학기');
Insert into ADMIN.SU_SUBJECT (SUBJECT_NO,MEMBER_NO,DEPARTMENT_NO,SUBJECT_NAME,SUBJECT_TIME,SUBJECT_CLASSROOM,SUBJECT_CREDIT,SUBJECT_LEBEL,SUBJECT_TERM) values ('D5-2202S9',12,'D5','원가관리회계','4교시~6교시','302호','3','2','2022년도 2학기');
Insert into ADMIN.SU_SUBJECT (SUBJECT_NO,MEMBER_NO,DEPARTMENT_NO,SUBJECT_NAME,SUBJECT_TIME,SUBJECT_CLASSROOM,SUBJECT_CREDIT,SUBJECT_LEBEL,SUBJECT_TERM) values ('D5-2201S1',10,'D5','경영학개론','1교시~3교시','302호','3','1','2022년도 1학기');
Insert into ADMIN.SU_SUBJECT (SUBJECT_NO,MEMBER_NO,DEPARTMENT_NO,SUBJECT_NAME,SUBJECT_TIME,SUBJECT_CLASSROOM,SUBJECT_CREDIT,SUBJECT_LEBEL,SUBJECT_TERM) values ('D5-2201S2',10,'D5','경영정보시스템','4교시~6교시','305호','2','3','2022년도 1학기');
Insert into ADMIN.SU_SUBJECT (SUBJECT_NO,MEMBER_NO,DEPARTMENT_NO,SUBJECT_NAME,SUBJECT_TIME,SUBJECT_CLASSROOM,SUBJECT_CREDIT,SUBJECT_LEBEL,SUBJECT_TERM) values ('D5-2201S3',10,'D5','생산관리','4교시~6교시','301호','3','2','2022년도 1학기');
Insert into ADMIN.SU_SUBJECT (SUBJECT_NO,MEMBER_NO,DEPARTMENT_NO,SUBJECT_NAME,SUBJECT_TIME,SUBJECT_CLASSROOM,SUBJECT_CREDIT,SUBJECT_LEBEL,SUBJECT_TERM) values ('D5-2201S4',11,'D5','재무관리','1교시~3교시','302호','3','3','2022년도 1학기');
Insert into ADMIN.SU_SUBJECT (SUBJECT_NO,MEMBER_NO,DEPARTMENT_NO,SUBJECT_NAME,SUBJECT_TIME,SUBJECT_CLASSROOM,SUBJECT_CREDIT,SUBJECT_LEBEL,SUBJECT_TERM) values ('D5-2201S5',11,'D5','인적자원관리','1교시~3교시','304호','3','2','2022년도 1학기');
Insert into ADMIN.SU_SUBJECT (SUBJECT_NO,MEMBER_NO,DEPARTMENT_NO,SUBJECT_NAME,SUBJECT_TIME,SUBJECT_CLASSROOM,SUBJECT_CREDIT,SUBJECT_LEBEL,SUBJECT_TERM) values ('D5-2201S6',11,'D5','회계원리','4교시~6교시','302호','3','2','2022년도 1학기');
Insert into ADMIN.SU_SUBJECT (SUBJECT_NO,MEMBER_NO,DEPARTMENT_NO,SUBJECT_NAME,SUBJECT_TIME,SUBJECT_CLASSROOM,SUBJECT_CREDIT,SUBJECT_LEBEL,SUBJECT_TERM) values ('D5-2201S7',12,'D5','마케팅개론','1교시~3교시','307호','2','1','2022년도 1학기');
Insert into ADMIN.SU_SUBJECT (SUBJECT_NO,MEMBER_NO,DEPARTMENT_NO,SUBJECT_NAME,SUBJECT_TIME,SUBJECT_CLASSROOM,SUBJECT_CREDIT,SUBJECT_LEBEL,SUBJECT_TERM) values ('D5-2201S8',12,'D5','국제경영','4교시~6교시','309호','2','1','2022년도 1학기');
Insert into ADMIN.SU_SUBJECT (SUBJECT_NO,MEMBER_NO,DEPARTMENT_NO,SUBJECT_NAME,SUBJECT_TIME,SUBJECT_CLASSROOM,SUBJECT_CREDIT,SUBJECT_LEBEL,SUBJECT_TERM) values ('D5-2201S9',12,'D5','원가관리회계','4교시~6교시','302호','3','2','2022년도 1학기');
Insert into ADMIN.SU_SUBJECT (SUBJECT_NO,MEMBER_NO,DEPARTMENT_NO,SUBJECT_NAME,SUBJECT_TIME,SUBJECT_CLASSROOM,SUBJECT_CREDIT,SUBJECT_LEBEL,SUBJECT_TERM) values ('D3-2201S1',7,'D3','미적분학','3교시~6교시','209호','3','3','2022년도 1학기');
Insert into ADMIN.SU_SUBJECT (SUBJECT_NO,MEMBER_NO,DEPARTMENT_NO,SUBJECT_NAME,SUBJECT_TIME,SUBJECT_CLASSROOM,SUBJECT_CREDIT,SUBJECT_LEBEL,SUBJECT_TERM) values ('D3-2201S2',7,'D3','일반물리','3교시~6교시','208호','3','2','2022년도 1학기');
Insert into ADMIN.SU_SUBJECT (SUBJECT_NO,MEMBER_NO,DEPARTMENT_NO,SUBJECT_NAME,SUBJECT_TIME,SUBJECT_CLASSROOM,SUBJECT_CREDIT,SUBJECT_LEBEL,SUBJECT_TERM) values ('D3-2201S3',7,'D3','전자회로','3교시~6교시','207호','3','3','2022년도 1학기');
Insert into ADMIN.SU_SUBJECT (SUBJECT_NO,MEMBER_NO,DEPARTMENT_NO,SUBJECT_NAME,SUBJECT_TIME,SUBJECT_CLASSROOM,SUBJECT_CREDIT,SUBJECT_LEBEL,SUBJECT_TERM) values ('D3-2201S4',8,'D3','회로이론','3교시~6교시','206호','3','2','2022년도 1학기');
Insert into ADMIN.SU_SUBJECT (SUBJECT_NO,MEMBER_NO,DEPARTMENT_NO,SUBJECT_NAME,SUBJECT_TIME,SUBJECT_CLASSROOM,SUBJECT_CREDIT,SUBJECT_LEBEL,SUBJECT_TERM) values ('D3-2201S5',8,'D3','마이크로프로세서','3교시~6교시','205호','3','3','2022년도 1학기');
Insert into ADMIN.SU_SUBJECT (SUBJECT_NO,MEMBER_NO,DEPARTMENT_NO,SUBJECT_NAME,SUBJECT_TIME,SUBJECT_CLASSROOM,SUBJECT_CREDIT,SUBJECT_LEBEL,SUBJECT_TERM) values ('D3-2201S6',8,'D3','디지털공학실험','3교시~6교시','204호','3','2','2022년도 1학기');
Insert into ADMIN.SU_SUBJECT (SUBJECT_NO,MEMBER_NO,DEPARTMENT_NO,SUBJECT_NAME,SUBJECT_TIME,SUBJECT_CLASSROOM,SUBJECT_CREDIT,SUBJECT_LEBEL,SUBJECT_TERM) values ('D3-2201S7',9,'D3','교류회로이론','3교시~6교시','203호','3','3','2022년도 1학기');
Insert into ADMIN.SU_SUBJECT (SUBJECT_NO,MEMBER_NO,DEPARTMENT_NO,SUBJECT_NAME,SUBJECT_TIME,SUBJECT_CLASSROOM,SUBJECT_CREDIT,SUBJECT_LEBEL,SUBJECT_TERM) values ('D3-2201S8',9,'D3','확률과통계','3교시~6교시','202호','3','2','2022년도 1학기');
Insert into ADMIN.SU_SUBJECT (SUBJECT_NO,MEMBER_NO,DEPARTMENT_NO,SUBJECT_NAME,SUBJECT_TIME,SUBJECT_CLASSROOM,SUBJECT_CREDIT,SUBJECT_LEBEL,SUBJECT_TERM) values ('D3-2201S9',9,'D3','네트워크보안','3교시~6교시','201호','3','3','2022년도 1학기');
Insert into ADMIN.SU_SUBJECT (SUBJECT_NO,MEMBER_NO,DEPARTMENT_NO,SUBJECT_NAME,SUBJECT_TIME,SUBJECT_CLASSROOM,SUBJECT_CREDIT,SUBJECT_LEBEL,SUBJECT_TERM) values ('D1-2202S1',4,'D1','자바프로그래밍','4교시~6교시','601호','3','2','2022년도 2학기');
Insert into ADMIN.SU_SUBJECT (SUBJECT_NO,MEMBER_NO,DEPARTMENT_NO,SUBJECT_NAME,SUBJECT_TIME,SUBJECT_CLASSROOM,SUBJECT_CREDIT,SUBJECT_LEBEL,SUBJECT_TERM) values ('D1-2202S2',4,'D1','C언어','1교시~3교시','602호','3','1','2022년도 2학기');
Insert into ADMIN.SU_SUBJECT (SUBJECT_NO,MEMBER_NO,DEPARTMENT_NO,SUBJECT_NAME,SUBJECT_TIME,SUBJECT_CLASSROOM,SUBJECT_CREDIT,SUBJECT_LEBEL,SUBJECT_TERM) values ('D1-2202S3',4,'D1','C++','4교시~6교시','602호','3','2','2022년도 2학기');
Insert into ADMIN.SU_SUBJECT (SUBJECT_NO,MEMBER_NO,DEPARTMENT_NO,SUBJECT_NAME,SUBJECT_TIME,SUBJECT_CLASSROOM,SUBJECT_CREDIT,SUBJECT_LEBEL,SUBJECT_TERM) values ('D1-2202S4',5,'D1','파이썬','1교시~3교시','601호','3','3','2022년도 2학기');
Insert into ADMIN.SU_SUBJECT (SUBJECT_NO,MEMBER_NO,DEPARTMENT_NO,SUBJECT_NAME,SUBJECT_TIME,SUBJECT_CLASSROOM,SUBJECT_CREDIT,SUBJECT_LEBEL,SUBJECT_TERM) values ('D1-2202S5',5,'D1','C#','4교시~6교시','601호','3','2','2022년도 2학기');
Insert into ADMIN.SU_SUBJECT (SUBJECT_NO,MEMBER_NO,DEPARTMENT_NO,SUBJECT_NAME,SUBJECT_TIME,SUBJECT_CLASSROOM,SUBJECT_CREDIT,SUBJECT_LEBEL,SUBJECT_TERM) values ('D1-2202S6',5,'D1','컴퓨터정보보안','4교시~6교시','601호','2','3','2022년도 2학기');
Insert into ADMIN.SU_SUBJECT (SUBJECT_NO,MEMBER_NO,DEPARTMENT_NO,SUBJECT_NAME,SUBJECT_TIME,SUBJECT_CLASSROOM,SUBJECT_CREDIT,SUBJECT_LEBEL,SUBJECT_TERM) values ('D1-2202S7',6,'D1','웹개발기술','1교시~3교시','605호','3','4','2022년도 2학기');
Insert into ADMIN.SU_SUBJECT (SUBJECT_NO,MEMBER_NO,DEPARTMENT_NO,SUBJECT_NAME,SUBJECT_TIME,SUBJECT_CLASSROOM,SUBJECT_CREDIT,SUBJECT_LEBEL,SUBJECT_TERM) values ('D1-2202S8',6,'D1','IOS','4교시~6교시','604호','3','4','2022년도 2학기');
Insert into ADMIN.SU_SUBJECT (SUBJECT_NO,MEMBER_NO,DEPARTMENT_NO,SUBJECT_NAME,SUBJECT_TIME,SUBJECT_CLASSROOM,SUBJECT_CREDIT,SUBJECT_LEBEL,SUBJECT_TERM) values ('D1-2202S9',6,'D1','캡스톤디자인','1교시~4교시','603호','4','4','2022년도 2학기');
Insert into ADMIN.SU_SUBJECT (SUBJECT_NO,MEMBER_NO,DEPARTMENT_NO,SUBJECT_NAME,SUBJECT_TIME,SUBJECT_CLASSROOM,SUBJECT_CREDIT,SUBJECT_LEBEL,SUBJECT_TERM) values ('D1-2201S1',4,'D1','컴퓨터공학기초','4교시~6교시','601호','3','2','2022년도 1학기');
Insert into ADMIN.SU_SUBJECT (SUBJECT_NO,MEMBER_NO,DEPARTMENT_NO,SUBJECT_NAME,SUBJECT_TIME,SUBJECT_CLASSROOM,SUBJECT_CREDIT,SUBJECT_LEBEL,SUBJECT_TERM) values ('D1-2201S2',4,'D1','데이터베이스관리','1교시~3교시','602호','3','1','2022년도 1학기');
Insert into ADMIN.SU_SUBJECT (SUBJECT_NO,MEMBER_NO,DEPARTMENT_NO,SUBJECT_NAME,SUBJECT_TIME,SUBJECT_CLASSROOM,SUBJECT_CREDIT,SUBJECT_LEBEL,SUBJECT_TERM) values ('D1-2201S3',4,'D1','운영체제실습','4교시~6교시','602호','3','2','2022년도 1학기');
Insert into ADMIN.SU_SUBJECT (SUBJECT_NO,MEMBER_NO,DEPARTMENT_NO,SUBJECT_NAME,SUBJECT_TIME,SUBJECT_CLASSROOM,SUBJECT_CREDIT,SUBJECT_LEBEL,SUBJECT_TERM) values ('D1-2201S4',5,'D1','자료구조','1교시~3교시','601호','3','3','2022년도 1학기');
Insert into ADMIN.SU_SUBJECT (SUBJECT_NO,MEMBER_NO,DEPARTMENT_NO,SUBJECT_NAME,SUBJECT_TIME,SUBJECT_CLASSROOM,SUBJECT_CREDIT,SUBJECT_LEBEL,SUBJECT_TERM) values ('D1-2201S5',5,'D1','DB프로그래밍','4교시~6교시','601호','3','2','2022년도 1학기');
Insert into ADMIN.SU_SUBJECT (SUBJECT_NO,MEMBER_NO,DEPARTMENT_NO,SUBJECT_NAME,SUBJECT_TIME,SUBJECT_CLASSROOM,SUBJECT_CREDIT,SUBJECT_LEBEL,SUBJECT_TERM) values ('D1-2201S6',5,'D1','IoT시스템','4교시~6교시','601호','2','3','2022년도 1학기');
Insert into ADMIN.SU_SUBJECT (SUBJECT_NO,MEMBER_NO,DEPARTMENT_NO,SUBJECT_NAME,SUBJECT_TIME,SUBJECT_CLASSROOM,SUBJECT_CREDIT,SUBJECT_LEBEL,SUBJECT_TERM) values ('D1-2201S7',6,'D1','알고리즘','1교시~3교시','605호','3','4','2022년도 1학기');
Insert into ADMIN.SU_SUBJECT (SUBJECT_NO,MEMBER_NO,DEPARTMENT_NO,SUBJECT_NAME,SUBJECT_TIME,SUBJECT_CLASSROOM,SUBJECT_CREDIT,SUBJECT_LEBEL,SUBJECT_TERM) values ('D1-2201S8',6,'D1','웹프런트엔드실습','4교시~6교시','604호','3','4','2022년도 1학기');
Insert into ADMIN.SU_SUBJECT (SUBJECT_NO,MEMBER_NO,DEPARTMENT_NO,SUBJECT_NAME,SUBJECT_TIME,SUBJECT_CLASSROOM,SUBJECT_CREDIT,SUBJECT_LEBEL,SUBJECT_TERM) values ('D1-2201S9',6,'D1','모바일프로그래밍','1교시~3교시','603호','3','4','2022년도 1학기');
Insert into ADMIN.SU_SUBJECT (SUBJECT_NO,MEMBER_NO,DEPARTMENT_NO,SUBJECT_NAME,SUBJECT_TIME,SUBJECT_CLASSROOM,SUBJECT_CREDIT,SUBJECT_LEBEL,SUBJECT_TERM) values ('D2-2202S1',1,'D2','영상처리','1교시~3교시','708호','3','2','2022년도 2학기');
Insert into ADMIN.SU_SUBJECT (SUBJECT_NO,MEMBER_NO,DEPARTMENT_NO,SUBJECT_NAME,SUBJECT_TIME,SUBJECT_CLASSROOM,SUBJECT_CREDIT,SUBJECT_LEBEL,SUBJECT_TERM) values ('D2-2202S2',1,'D2','임베디드시스템','1교시~3교시','608호','3','2','2022년도 2학기');
Insert into ADMIN.SU_SUBJECT (SUBJECT_NO,MEMBER_NO,DEPARTMENT_NO,SUBJECT_NAME,SUBJECT_TIME,SUBJECT_CLASSROOM,SUBJECT_CREDIT,SUBJECT_LEBEL,SUBJECT_TERM) values ('D2-2202S3',1,'D2','모바일프로그래밍','1교시~4교시','301호','3','3','2022년도 2학기');
Insert into ADMIN.SU_SUBJECT (SUBJECT_NO,MEMBER_NO,DEPARTMENT_NO,SUBJECT_NAME,SUBJECT_TIME,SUBJECT_CLASSROOM,SUBJECT_CREDIT,SUBJECT_LEBEL,SUBJECT_TERM) values ('D2-2202S4',2,'D2','IOT실습과응용','1교시~3교시','202호','3','2','2022년도 2학기');
Insert into ADMIN.SU_SUBJECT (SUBJECT_NO,MEMBER_NO,DEPARTMENT_NO,SUBJECT_NAME,SUBJECT_TIME,SUBJECT_CLASSROOM,SUBJECT_CREDIT,SUBJECT_LEBEL,SUBJECT_TERM) values ('D2-2202S5',2,'D2','리눅스','1교시~4교시','405호','3','3','2022년도 2학기');
Insert into ADMIN.SU_SUBJECT (SUBJECT_NO,MEMBER_NO,DEPARTMENT_NO,SUBJECT_NAME,SUBJECT_TIME,SUBJECT_CLASSROOM,SUBJECT_CREDIT,SUBJECT_LEBEL,SUBJECT_TERM) values ('D2-2202S6',2,'D2','대학물리학','1교시~3교시','807호','3','1','2022년도 2학기');
Insert into ADMIN.SU_SUBJECT (SUBJECT_NO,MEMBER_NO,DEPARTMENT_NO,SUBJECT_NAME,SUBJECT_TIME,SUBJECT_CLASSROOM,SUBJECT_CREDIT,SUBJECT_LEBEL,SUBJECT_TERM) values ('D2-2202S7',3,'D2','디지털시스템설계','1교시~3교시','707호','3','2','2022년도 2학기');
Insert into ADMIN.SU_SUBJECT (SUBJECT_NO,MEMBER_NO,DEPARTMENT_NO,SUBJECT_NAME,SUBJECT_TIME,SUBJECT_CLASSROOM,SUBJECT_CREDIT,SUBJECT_LEBEL,SUBJECT_TERM) values ('D2-2202S8',3,'D2','아두이노','1교시~4교시','403호','3','3','2022년도 2학기');
Insert into ADMIN.SU_SUBJECT (SUBJECT_NO,MEMBER_NO,DEPARTMENT_NO,SUBJECT_NAME,SUBJECT_TIME,SUBJECT_CLASSROOM,SUBJECT_CREDIT,SUBJECT_LEBEL,SUBJECT_TERM) values ('D2-2202S9',3,'D2','정보통신개론','1교시~3교시','101호','3','2','2022년도 2학기');
Insert into ADMIN.SU_SUBJECT (SUBJECT_NO,MEMBER_NO,DEPARTMENT_NO,SUBJECT_NAME,SUBJECT_TIME,SUBJECT_CLASSROOM,SUBJECT_CREDIT,SUBJECT_LEBEL,SUBJECT_TERM) values ('D2-2201S1',1,'D2','이동통신','1교시~2교시','201호','1','2','2022년도 1학기');
Insert into ADMIN.SU_SUBJECT (SUBJECT_NO,MEMBER_NO,DEPARTMENT_NO,SUBJECT_NAME,SUBJECT_TIME,SUBJECT_CLASSROOM,SUBJECT_CREDIT,SUBJECT_LEBEL,SUBJECT_TERM) values ('D2-2201S2',1,'D2','선형대수학','1교시~3교시','307호','3','2','2022년도 1학기');
Insert into ADMIN.SU_SUBJECT (SUBJECT_NO,MEMBER_NO,DEPARTMENT_NO,SUBJECT_NAME,SUBJECT_TIME,SUBJECT_CLASSROOM,SUBJECT_CREDIT,SUBJECT_LEBEL,SUBJECT_TERM) values ('D2-2201S3',1,'D2','데이터구조','4교시~6교시','505호','3','1','2022년도 1학기');
Insert into ADMIN.SU_SUBJECT (SUBJECT_NO,MEMBER_NO,DEPARTMENT_NO,SUBJECT_NAME,SUBJECT_TIME,SUBJECT_CLASSROOM,SUBJECT_CREDIT,SUBJECT_LEBEL,SUBJECT_TERM) values ('D2-2201S4',2,'D2','기초전자','2교시~5교시','404호','3','2','2022년도 1학기');
Insert into ADMIN.SU_SUBJECT (SUBJECT_NO,MEMBER_NO,DEPARTMENT_NO,SUBJECT_NAME,SUBJECT_TIME,SUBJECT_CLASSROOM,SUBJECT_CREDIT,SUBJECT_LEBEL,SUBJECT_TERM) values ('D2-2201S5',2,'D2','컴퓨팅사고와코딩기초','1교시~3교시','809호','3','1','2022년도 1학기');
Insert into ADMIN.SU_SUBJECT (SUBJECT_NO,MEMBER_NO,DEPARTMENT_NO,SUBJECT_NAME,SUBJECT_TIME,SUBJECT_CLASSROOM,SUBJECT_CREDIT,SUBJECT_LEBEL,SUBJECT_TERM) values ('D2-2201S6',2,'D2','논리회로','4교시~6교시','307호','3','3','2022년도 1학기');
Insert into ADMIN.SU_SUBJECT (SUBJECT_NO,MEMBER_NO,DEPARTMENT_NO,SUBJECT_NAME,SUBJECT_TIME,SUBJECT_CLASSROOM,SUBJECT_CREDIT,SUBJECT_LEBEL,SUBJECT_TERM) values ('D2-2201S7',3,'D2','대학물리학','4교시~6교시','208호','3','3','2022년도 1학기');
Insert into ADMIN.SU_SUBJECT (SUBJECT_NO,MEMBER_NO,DEPARTMENT_NO,SUBJECT_NAME,SUBJECT_TIME,SUBJECT_CLASSROOM,SUBJECT_CREDIT,SUBJECT_LEBEL,SUBJECT_TERM) values ('D2-2201S8',3,'D2','종합설계','4교시~6교시','103호','3','3','2022년도 1학기');
Insert into ADMIN.SU_SUBJECT (SUBJECT_NO,MEMBER_NO,DEPARTMENT_NO,SUBJECT_NAME,SUBJECT_TIME,SUBJECT_CLASSROOM,SUBJECT_CREDIT,SUBJECT_LEBEL,SUBJECT_TERM) values ('D2-2201S9',3,'D2','프로그래밍설계','1교시~3교시','203호','3','2','2022년도 1학기');
Insert into ADMIN.SU_SUBJECT (SUBJECT_NO,MEMBER_NO,DEPARTMENT_NO,SUBJECT_NAME,SUBJECT_TIME,SUBJECT_CLASSROOM,SUBJECT_CREDIT,SUBJECT_LEBEL,SUBJECT_TERM) values ('D4-2201S1',13,'D4','트레이닝방법론','1교시~3교시','501호','3','3','2022년도 2학기');
Insert into ADMIN.SU_SUBJECT (SUBJECT_NO,MEMBER_NO,DEPARTMENT_NO,SUBJECT_NAME,SUBJECT_TIME,SUBJECT_CLASSROOM,SUBJECT_CREDIT,SUBJECT_LEBEL,SUBJECT_TERM) values ('D4-2201S2',13,'D4','스포츠사회학','4교시~6교시','501호','3','3','2022년도 2학기');
Insert into ADMIN.SU_SUBJECT (SUBJECT_NO,MEMBER_NO,DEPARTMENT_NO,SUBJECT_NAME,SUBJECT_TIME,SUBJECT_CLASSROOM,SUBJECT_CREDIT,SUBJECT_LEBEL,SUBJECT_TERM) values ('D4-2201S3',13,'D4','현대생활과스포츠','1교시~3교시','502호','3','4','2022년도 2학기');
Insert into ADMIN.SU_SUBJECT (SUBJECT_NO,MEMBER_NO,DEPARTMENT_NO,SUBJECT_NAME,SUBJECT_TIME,SUBJECT_CLASSROOM,SUBJECT_CREDIT,SUBJECT_LEBEL,SUBJECT_TERM) values ('D4-2201S4',14,'D4','배드민턴','1교시~3교시','503호','2','2','2022년도 2학기');
Insert into ADMIN.SU_SUBJECT (SUBJECT_NO,MEMBER_NO,DEPARTMENT_NO,SUBJECT_NAME,SUBJECT_TIME,SUBJECT_CLASSROOM,SUBJECT_CREDIT,SUBJECT_LEBEL,SUBJECT_TERM) values ('D4-2201S5',14,'D4','탁구','4교시~6교시','502호','2','2','2022년도 2학기');
Insert into ADMIN.SU_SUBJECT (SUBJECT_NO,MEMBER_NO,DEPARTMENT_NO,SUBJECT_NAME,SUBJECT_TIME,SUBJECT_CLASSROOM,SUBJECT_CREDIT,SUBJECT_LEBEL,SUBJECT_TERM) values ('D4-2201S6',14,'D4','유아체육','1교시~3교시','504호','3','3','2022년도 2학기');
Insert into ADMIN.SU_SUBJECT (SUBJECT_NO,MEMBER_NO,DEPARTMENT_NO,SUBJECT_NAME,SUBJECT_TIME,SUBJECT_CLASSROOM,SUBJECT_CREDIT,SUBJECT_LEBEL,SUBJECT_TERM) values ('D4-2201S7',15,'D4','수영','1교시~3교시','505호','2','4','2022년도 2학기');
Insert into ADMIN.SU_SUBJECT (SUBJECT_NO,MEMBER_NO,DEPARTMENT_NO,SUBJECT_NAME,SUBJECT_TIME,SUBJECT_CLASSROOM,SUBJECT_CREDIT,SUBJECT_LEBEL,SUBJECT_TERM) values ('D4-2201S8',15,'D4','댄스스포츠','4교시~6교시','505호','2','2','2022년도 2학기');
Insert into ADMIN.SU_SUBJECT (SUBJECT_NO,MEMBER_NO,DEPARTMENT_NO,SUBJECT_NAME,SUBJECT_TIME,SUBJECT_CLASSROOM,SUBJECT_CREDIT,SUBJECT_LEBEL,SUBJECT_TERM) values ('D4-2201S9',15,'D4','유도','1교시~3교시','506호','3','2','2022년도 2학기');
Insert into ADMIN.SU_SUBJECT (SUBJECT_NO,MEMBER_NO,DEPARTMENT_NO,SUBJECT_NAME,SUBJECT_TIME,SUBJECT_CLASSROOM,SUBJECT_CREDIT,SUBJECT_LEBEL,SUBJECT_TERM) values ('D4-2202S1',13,'D4','댄스스포츠','1교시~3교시','501호','3','3','2022년도 1학기');
Insert into ADMIN.SU_SUBJECT (SUBJECT_NO,MEMBER_NO,DEPARTMENT_NO,SUBJECT_NAME,SUBJECT_TIME,SUBJECT_CLASSROOM,SUBJECT_CREDIT,SUBJECT_LEBEL,SUBJECT_TERM) values ('D4-2202S2',13,'D4','육상','4교시~6교시','501호','3','3','2022년도 1학기');
Insert into ADMIN.SU_SUBJECT (SUBJECT_NO,MEMBER_NO,DEPARTMENT_NO,SUBJECT_NAME,SUBJECT_TIME,SUBJECT_CLASSROOM,SUBJECT_CREDIT,SUBJECT_LEBEL,SUBJECT_TERM) values ('D4-2202S3',13,'D4','윈드서핑','1교시~3교시','502호','3','4','2022년도 1학기');
Insert into ADMIN.SU_SUBJECT (SUBJECT_NO,MEMBER_NO,DEPARTMENT_NO,SUBJECT_NAME,SUBJECT_TIME,SUBJECT_CLASSROOM,SUBJECT_CREDIT,SUBJECT_LEBEL,SUBJECT_TERM) values ('D4-2202S4',14,'D4','태권도','1교시~3교시','503호','2','2','2022년도 1학기');
Insert into ADMIN.SU_SUBJECT (SUBJECT_NO,MEMBER_NO,DEPARTMENT_NO,SUBJECT_NAME,SUBJECT_TIME,SUBJECT_CLASSROOM,SUBJECT_CREDIT,SUBJECT_LEBEL,SUBJECT_TERM) values ('D4-2202S5',14,'D4','운동생리학','4교시~6교시','502호','2','2','2022년도 1학기');
Insert into ADMIN.SU_SUBJECT (SUBJECT_NO,MEMBER_NO,DEPARTMENT_NO,SUBJECT_NAME,SUBJECT_TIME,SUBJECT_CLASSROOM,SUBJECT_CREDIT,SUBJECT_LEBEL,SUBJECT_TERM) values ('D4-2202S6',14,'D4','실버체육','1교시~3교시','504호','3','3','2022년도 1학기');
Insert into ADMIN.SU_SUBJECT (SUBJECT_NO,MEMBER_NO,DEPARTMENT_NO,SUBJECT_NAME,SUBJECT_TIME,SUBJECT_CLASSROOM,SUBJECT_CREDIT,SUBJECT_LEBEL,SUBJECT_TERM) values ('D4-2202S7',15,'D4','교육학개론','1교시~3교시','505호','2','4','2022년도 1학기');
Insert into ADMIN.SU_SUBJECT (SUBJECT_NO,MEMBER_NO,DEPARTMENT_NO,SUBJECT_NAME,SUBJECT_TIME,SUBJECT_CLASSROOM,SUBJECT_CREDIT,SUBJECT_LEBEL,SUBJECT_TERM) values ('D4-2202S8',15,'D4','구급 및 안전관리','4교시~6교시','505호','2','2','2022년도 1학기');
Insert into ADMIN.SU_SUBJECT (SUBJECT_NO,MEMBER_NO,DEPARTMENT_NO,SUBJECT_NAME,SUBJECT_TIME,SUBJECT_CLASSROOM,SUBJECT_CREDIT,SUBJECT_LEBEL,SUBJECT_TERM) values ('D4-2202S9',15,'D4','실기교육방법론','1교시~3교시','506호','3','2','2022년도 1학기');
--------------------------------------------------------
--  DDL for Index PK_BOARD_NO
--------------------------------------------------------

  CREATE UNIQUE INDEX "ADMIN"."PK_BOARD_NO" ON "ADMIN"."SU_BOARD" ("BOARD_NO") 
  PCTFREE 10 INITRANS 20 MAXTRANS 255 
  TABLESPACE "DATA" ;
--------------------------------------------------------
--  DDL for Index PK_BOARD_ATTACHMENT_NO
--------------------------------------------------------

  CREATE UNIQUE INDEX "ADMIN"."PK_BOARD_ATTACHMENT_NO" ON "ADMIN"."SU_BOARD_ATTACHMENT" ("BOARD_ATTACHMENT_NO") 
  PCTFREE 10 INITRANS 20 MAXTRANS 255 
  STORAGE(INITIAL 65536 NEXT 1048576 MINEXTENTS 1 MAXEXTENTS 2147483645
  PCTINCREASE 0 FREELISTS 1 FREELIST GROUPS 1
  BUFFER_POOL DEFAULT FLASH_CACHE DEFAULT CELL_FLASH_CACHE DEFAULT)
  TABLESPACE "DATA" ;
--------------------------------------------------------
--  DDL for Index PK_BOARD_COMMENT_NO
--------------------------------------------------------

  CREATE UNIQUE INDEX "ADMIN"."PK_BOARD_COMMENT_NO" ON "ADMIN"."SU_BOARD_COMMENT" ("COMMENT_NO") 
  PCTFREE 10 INITRANS 20 MAXTRANS 255 
  TABLESPACE "DATA" ;
--------------------------------------------------------
--  DDL for Index PK_CHATCONTENT_NO
--------------------------------------------------------

  CREATE UNIQUE INDEX "ADMIN"."PK_CHATCONTENT_NO" ON "ADMIN"."SU_CHATCONTENT" ("CHATCONTENT_NO") 
  PCTFREE 10 INITRANS 20 MAXTRANS 255 
  TABLESPACE "DATA" ;
--------------------------------------------------------
--  DDL for Index PK_CHATROOM_GROUP
--------------------------------------------------------

  CREATE UNIQUE INDEX "ADMIN"."PK_CHATROOM_GROUP" ON "ADMIN"."SU_CHATROOM" ("CHATROOM_NO", "MEMBER_NO") 
  PCTFREE 10 INITRANS 20 MAXTRANS 255 
  TABLESPACE "DATA" ;
--------------------------------------------------------
--  DDL for Index PK_DEPARTMENT_NO
--------------------------------------------------------

  CREATE UNIQUE INDEX "ADMIN"."PK_DEPARTMENT_NO" ON "ADMIN"."SU_DEPARTMENT" ("DEPARTMENT_NO") 
  PCTFREE 10 INITRANS 20 MAXTRANS 255 COMPUTE STATISTICS 
  STORAGE(INITIAL 65536 NEXT 1048576 MINEXTENTS 1 MAXEXTENTS 2147483645
  PCTINCREASE 0 FREELISTS 1 FREELIST GROUPS 1
  BUFFER_POOL DEFAULT FLASH_CACHE DEFAULT CELL_FLASH_CACHE DEFAULT)
  TABLESPACE "DATA" ;
--------------------------------------------------------
--  DDL for Index PK_MEMBER_NO
--------------------------------------------------------

  CREATE UNIQUE INDEX "ADMIN"."PK_MEMBER_NO" ON "ADMIN"."SU_MEMBER" ("MEMBER_NO") 
  PCTFREE 10 INITRANS 20 MAXTRANS 255 COMPUTE STATISTICS 
  STORAGE(INITIAL 65536 NEXT 1048576 MINEXTENTS 1 MAXEXTENTS 2147483645
  PCTINCREASE 0 FREELISTS 1 FREELIST GROUPS 1
  BUFFER_POOL DEFAULT FLASH_CACHE DEFAULT CELL_FLASH_CACHE DEFAULT)
  TABLESPACE "DATA" ;
--------------------------------------------------------
--  DDL for Index UQ_MEMBER_ID
--------------------------------------------------------

  CREATE UNIQUE INDEX "ADMIN"."UQ_MEMBER_ID" ON "ADMIN"."SU_MEMBER" ("MEMBER_ID") 
  PCTFREE 10 INITRANS 20 MAXTRANS 255 COMPUTE STATISTICS 
  STORAGE(INITIAL 65536 NEXT 1048576 MINEXTENTS 1 MAXEXTENTS 2147483645
  PCTINCREASE 0 FREELISTS 1 FREELIST GROUPS 1
  BUFFER_POOL DEFAULT FLASH_CACHE DEFAULT CELL_FLASH_CACHE DEFAULT)
  TABLESPACE "DATA" ;
--------------------------------------------------------
--  DDL for Index PK_NOTICE_NO
--------------------------------------------------------

  CREATE UNIQUE INDEX "ADMIN"."PK_NOTICE_NO" ON "ADMIN"."SU_NOTICE" ("NOTICE_NO") 
  PCTFREE 10 INITRANS 20 MAXTRANS 255 
  TABLESPACE "DATA" ;
--------------------------------------------------------
--  DDL for Index PK_NOTICE_ATTACHMENT_NO
--------------------------------------------------------

  CREATE UNIQUE INDEX "ADMIN"."PK_NOTICE_ATTACHMENT_NO" ON "ADMIN"."SU_NOTICE_ATTACHMENT" ("NOTICE_ATTACHMENT_NO") 
  PCTFREE 10 INITRANS 20 MAXTRANS 255 
  TABLESPACE "DATA" ;
--------------------------------------------------------
--  DDL for Index PK_REGISTER_NO
--------------------------------------------------------

  CREATE UNIQUE INDEX "ADMIN"."PK_REGISTER_NO" ON "ADMIN"."SU_REGISTER" ("REGISTER_NO") 
  PCTFREE 10 INITRANS 20 MAXTRANS 255 
  TABLESPACE "DATA" ;
--------------------------------------------------------
--  DDL for Index PK_SUBJECT_NO
--------------------------------------------------------

  CREATE UNIQUE INDEX "ADMIN"."PK_SUBJECT_NO" ON "ADMIN"."SU_SUBJECT" ("SUBJECT_NO") 
  PCTFREE 10 INITRANS 20 MAXTRANS 255 COMPUTE STATISTICS 
  STORAGE(INITIAL 65536 NEXT 1048576 MINEXTENTS 1 MAXEXTENTS 2147483645
  PCTINCREASE 0 FREELISTS 1 FREELIST GROUPS 1
  BUFFER_POOL DEFAULT FLASH_CACHE DEFAULT CELL_FLASH_CACHE DEFAULT)
  TABLESPACE "DATA" ;
--------------------------------------------------------
--  Constraints for Table SU_BOARD
--------------------------------------------------------

  ALTER TABLE "ADMIN"."SU_BOARD" MODIFY ("BOARD_NO" NOT NULL ENABLE);
  ALTER TABLE "ADMIN"."SU_BOARD" MODIFY ("MEMBER_NO" NOT NULL ENABLE);
  ALTER TABLE "ADMIN"."SU_BOARD" MODIFY ("BOARD_TITLE" NOT NULL ENABLE);
  ALTER TABLE "ADMIN"."SU_BOARD" MODIFY ("BOARD_CATEGORI" NOT NULL ENABLE);
  ALTER TABLE "ADMIN"."SU_BOARD" ADD CONSTRAINT "PK_BOARD_NO" PRIMARY KEY ("BOARD_NO")
  USING INDEX PCTFREE 10 INITRANS 20 MAXTRANS 255 
  TABLESPACE "DATA"  ENABLE;
--------------------------------------------------------
--  Constraints for Table SU_BOARD_ATTACHMENT
--------------------------------------------------------

  ALTER TABLE "ADMIN"."SU_BOARD_ATTACHMENT" MODIFY ("BOARD_ATTACHMENT_ORIGINAL_FILENAME" NOT NULL ENABLE);
  ALTER TABLE "ADMIN"."SU_BOARD_ATTACHMENT" MODIFY ("BOARD_NO" NOT NULL ENABLE);
  ALTER TABLE "ADMIN"."SU_BOARD_ATTACHMENT" MODIFY ("BOARD_ATTACHMENT_RENAMED_FILENAME" NOT NULL ENABLE);
  ALTER TABLE "ADMIN"."SU_BOARD_ATTACHMENT" ADD CONSTRAINT "PK_BOARD_ATTACHMENT_NO" PRIMARY KEY ("BOARD_ATTACHMENT_NO")
  USING INDEX PCTFREE 10 INITRANS 20 MAXTRANS 255 
  STORAGE(INITIAL 65536 NEXT 1048576 MINEXTENTS 1 MAXEXTENTS 2147483645
  PCTINCREASE 0 FREELISTS 1 FREELIST GROUPS 1
  BUFFER_POOL DEFAULT FLASH_CACHE DEFAULT CELL_FLASH_CACHE DEFAULT)
  TABLESPACE "DATA"  ENABLE;
--------------------------------------------------------
--  Constraints for Table SU_BOARD_COMMENT
--------------------------------------------------------

  ALTER TABLE "ADMIN"."SU_BOARD_COMMENT" MODIFY ("BOARD_NO" NOT NULL ENABLE);
  ALTER TABLE "ADMIN"."SU_BOARD_COMMENT" MODIFY ("MEMBER_NO" NOT NULL ENABLE);
  ALTER TABLE "ADMIN"."SU_BOARD_COMMENT" ADD CONSTRAINT "PK_BOARD_COMMENT_NO" PRIMARY KEY ("COMMENT_NO")
  USING INDEX PCTFREE 10 INITRANS 20 MAXTRANS 255 
  TABLESPACE "DATA"  ENABLE;
--------------------------------------------------------
--  Constraints for Table SU_CHATCONTENT
--------------------------------------------------------

  ALTER TABLE "ADMIN"."SU_CHATCONTENT" MODIFY ("CHATCONTENT_NO" NOT NULL ENABLE);
  ALTER TABLE "ADMIN"."SU_CHATCONTENT" MODIFY ("CHATROOM_NO" NOT NULL ENABLE);
  ALTER TABLE "ADMIN"."SU_CHATCONTENT" MODIFY ("MEMBER_NO" NOT NULL ENABLE);
  ALTER TABLE "ADMIN"."SU_CHATCONTENT" ADD CONSTRAINT "PK_CHATCONTENT_NO" PRIMARY KEY ("CHATCONTENT_NO")
  USING INDEX PCTFREE 10 INITRANS 20 MAXTRANS 255 
  TABLESPACE "DATA"  ENABLE;
--------------------------------------------------------
--  Constraints for Table SU_CHATROOM
--------------------------------------------------------

  ALTER TABLE "ADMIN"."SU_CHATROOM" MODIFY ("CHATROOM_NO" NOT NULL ENABLE);
  ALTER TABLE "ADMIN"."SU_CHATROOM" MODIFY ("MEMBER_NO" NOT NULL ENABLE);
  ALTER TABLE "ADMIN"."SU_CHATROOM" ADD CONSTRAINT "PK_CHATROOM_GROUP" PRIMARY KEY ("CHATROOM_NO", "MEMBER_NO")
  USING INDEX PCTFREE 10 INITRANS 20 MAXTRANS 255 
  TABLESPACE "DATA"  ENABLE;
--------------------------------------------------------
--  Constraints for Table SU_DEPARTMENT
--------------------------------------------------------

  ALTER TABLE "ADMIN"."SU_DEPARTMENT" MODIFY ("DEPARTMENT_NO" NOT NULL ENABLE);
  ALTER TABLE "ADMIN"."SU_DEPARTMENT" MODIFY ("DEPARMENT_NAME" NOT NULL ENABLE);
  ALTER TABLE "ADMIN"."SU_DEPARTMENT" ADD CONSTRAINT "PK_DEPARTMENT_NO" PRIMARY KEY ("DEPARTMENT_NO")
  USING INDEX PCTFREE 10 INITRANS 20 MAXTRANS 255 COMPUTE STATISTICS 
  STORAGE(INITIAL 65536 NEXT 1048576 MINEXTENTS 1 MAXEXTENTS 2147483645
  PCTINCREASE 0 FREELISTS 1 FREELIST GROUPS 1
  BUFFER_POOL DEFAULT FLASH_CACHE DEFAULT CELL_FLASH_CACHE DEFAULT)
  TABLESPACE "DATA"  ENABLE;
--------------------------------------------------------
--  Constraints for Table SU_MEMBER
--------------------------------------------------------

  ALTER TABLE "ADMIN"."SU_MEMBER" MODIFY ("MEMBER_NO" NOT NULL ENABLE);
  ALTER TABLE "ADMIN"."SU_MEMBER" MODIFY ("DEPARTMENT_NO" NOT NULL ENABLE);
  ALTER TABLE "ADMIN"."SU_MEMBER" MODIFY ("MEMBER_ID" NOT NULL ENABLE);
  ALTER TABLE "ADMIN"."SU_MEMBER" MODIFY ("MEMBER_PW" NOT NULL ENABLE);
  ALTER TABLE "ADMIN"."SU_MEMBER" MODIFY ("MEMBER_NAME" NOT NULL ENABLE);
  ALTER TABLE "ADMIN"."SU_MEMBER" MODIFY ("MEMBER_BIRTH" NOT NULL ENABLE);
  ALTER TABLE "ADMIN"."SU_MEMBER" MODIFY ("MEMBER_PHONE" NOT NULL ENABLE);
  ALTER TABLE "ADMIN"."SU_MEMBER" MODIFY ("MEMBER_EMAIL" NOT NULL ENABLE);
  ALTER TABLE "ADMIN"."SU_MEMBER" MODIFY ("MEMBER_ROLE" NOT NULL ENABLE);
  ALTER TABLE "ADMIN"."SU_MEMBER" ADD CONSTRAINT "CK_MEMBER_ROLE" CHECK (member_role in ('A', 'P', 'S')) ENABLE;
  ALTER TABLE "ADMIN"."SU_MEMBER" ADD CONSTRAINT "CK_MEMBER_LEVEL" CHECK (member_level in('1', '2', '3', '4')) ENABLE;
  ALTER TABLE "ADMIN"."SU_MEMBER" ADD CONSTRAINT "PK_MEMBER_NO" PRIMARY KEY ("MEMBER_NO")
  USING INDEX PCTFREE 10 INITRANS 20 MAXTRANS 255 COMPUTE STATISTICS 
  STORAGE(INITIAL 65536 NEXT 1048576 MINEXTENTS 1 MAXEXTENTS 2147483645
  PCTINCREASE 0 FREELISTS 1 FREELIST GROUPS 1
  BUFFER_POOL DEFAULT FLASH_CACHE DEFAULT CELL_FLASH_CACHE DEFAULT)
  TABLESPACE "DATA"  ENABLE;
  ALTER TABLE "ADMIN"."SU_MEMBER" ADD CONSTRAINT "UQ_MEMBER_ID" UNIQUE ("MEMBER_ID")
  USING INDEX PCTFREE 10 INITRANS 20 MAXTRANS 255 COMPUTE STATISTICS 
  STORAGE(INITIAL 65536 NEXT 1048576 MINEXTENTS 1 MAXEXTENTS 2147483645
  PCTINCREASE 0 FREELISTS 1 FREELIST GROUPS 1
  BUFFER_POOL DEFAULT FLASH_CACHE DEFAULT CELL_FLASH_CACHE DEFAULT)
  TABLESPACE "DATA"  ENABLE;
--------------------------------------------------------
--  Constraints for Table SU_NOTICE
--------------------------------------------------------

  ALTER TABLE "ADMIN"."SU_NOTICE" MODIFY ("NOTICE_NO" NOT NULL ENABLE);
  ALTER TABLE "ADMIN"."SU_NOTICE" MODIFY ("MEMBER_NO" NOT NULL ENABLE);
  ALTER TABLE "ADMIN"."SU_NOTICE" MODIFY ("NOTICE_TITLE" NOT NULL ENABLE);
  ALTER TABLE "ADMIN"."SU_NOTICE" ADD CONSTRAINT "PK_NOTICE_NO" PRIMARY KEY ("NOTICE_NO")
  USING INDEX PCTFREE 10 INITRANS 20 MAXTRANS 255 
  TABLESPACE "DATA"  ENABLE;
--------------------------------------------------------
--  Constraints for Table SU_NOTICE_ATTACHMENT
--------------------------------------------------------

  ALTER TABLE "ADMIN"."SU_NOTICE_ATTACHMENT" MODIFY ("NOTICE_ATTACHMENT_ORIGINAL_FILENAME" NOT NULL ENABLE);
  ALTER TABLE "ADMIN"."SU_NOTICE_ATTACHMENT" MODIFY ("NOTICE_ATTACHMENT_RENAME_FILENAME" NOT NULL ENABLE);
  ALTER TABLE "ADMIN"."SU_NOTICE_ATTACHMENT" ADD CONSTRAINT "PK_NOTICE_ATTACHMENT_NO" PRIMARY KEY ("NOTICE_ATTACHMENT_NO")
  USING INDEX PCTFREE 10 INITRANS 20 MAXTRANS 255 
  TABLESPACE "DATA"  ENABLE;
  ALTER TABLE "ADMIN"."SU_NOTICE_ATTACHMENT" MODIFY ("NOTICE_NO" NOT NULL ENABLE);
--------------------------------------------------------
--  Constraints for Table SU_REGISTER
--------------------------------------------------------

  ALTER TABLE "ADMIN"."SU_REGISTER" MODIFY ("SUBJECT_NO" NOT NULL ENABLE);
  ALTER TABLE "ADMIN"."SU_REGISTER" MODIFY ("MEMBER_NO" NOT NULL ENABLE);
  ALTER TABLE "ADMIN"."SU_REGISTER" ADD CONSTRAINT "PK_REGISTER_NO" PRIMARY KEY ("REGISTER_NO")
  USING INDEX PCTFREE 10 INITRANS 20 MAXTRANS 255 
  TABLESPACE "DATA"  ENABLE;
--------------------------------------------------------
--  Constraints for Table SU_SUBJECT
--------------------------------------------------------

  ALTER TABLE "ADMIN"."SU_SUBJECT" MODIFY ("SUBJECT_NO" NOT NULL ENABLE);
  ALTER TABLE "ADMIN"."SU_SUBJECT" MODIFY ("MEMBER_NO" NOT NULL ENABLE);
  ALTER TABLE "ADMIN"."SU_SUBJECT" MODIFY ("DEPARTMENT_NO" NOT NULL ENABLE);
  ALTER TABLE "ADMIN"."SU_SUBJECT" ADD CONSTRAINT "PK_SUBJECT_NO" PRIMARY KEY ("SUBJECT_NO")
  USING INDEX PCTFREE 10 INITRANS 20 MAXTRANS 255 COMPUTE STATISTICS 
  STORAGE(INITIAL 65536 NEXT 1048576 MINEXTENTS 1 MAXEXTENTS 2147483645
  PCTINCREASE 0 FREELISTS 1 FREELIST GROUPS 1
  BUFFER_POOL DEFAULT FLASH_CACHE DEFAULT CELL_FLASH_CACHE DEFAULT)
  TABLESPACE "DATA"  ENABLE;
--------------------------------------------------------
--  Ref Constraints for Table SU_BOARD
--------------------------------------------------------

  ALTER TABLE "ADMIN"."SU_BOARD" ADD CONSTRAINT "FK_BOARD_MEMBER_NO" FOREIGN KEY ("MEMBER_NO")
	  REFERENCES "ADMIN"."SU_MEMBER" ("MEMBER_NO") ON DELETE SET NULL ENABLE;
--------------------------------------------------------
--  Ref Constraints for Table SU_BOARD_ATTACHMENT
--------------------------------------------------------

  ALTER TABLE "ADMIN"."SU_BOARD_ATTACHMENT" ADD CONSTRAINT "FK_BOARD_ATTACHMENT_BOARD_NO" FOREIGN KEY ("BOARD_NO")
	  REFERENCES "ADMIN"."SU_BOARD" ("BOARD_NO") ON DELETE CASCADE ENABLE;
--------------------------------------------------------
--  Ref Constraints for Table SU_BOARD_COMMENT
--------------------------------------------------------

  ALTER TABLE "ADMIN"."SU_BOARD_COMMENT" ADD CONSTRAINT "FK_BOARD_COMMENT_MEMBER_NO" FOREIGN KEY ("MEMBER_NO")
	  REFERENCES "ADMIN"."SU_MEMBER" ("MEMBER_NO") ON DELETE SET NULL ENABLE;
  ALTER TABLE "ADMIN"."SU_BOARD_COMMENT" ADD CONSTRAINT "FK_BOARD_COMMENT_BOARD_NO" FOREIGN KEY ("BOARD_NO")
	  REFERENCES "ADMIN"."SU_BOARD" ("BOARD_NO") ON DELETE CASCADE ENABLE;
--------------------------------------------------------
--  Ref Constraints for Table SU_CHATCONTENT
--------------------------------------------------------

  ALTER TABLE "ADMIN"."SU_CHATCONTENT" ADD CONSTRAINT "FK_CHATCONTENT_CHATROOM_GROUP" FOREIGN KEY ("CHATROOM_NO", "MEMBER_NO")
	  REFERENCES "ADMIN"."SU_CHATROOM" ("CHATROOM_NO", "MEMBER_NO") ON DELETE SET NULL ENABLE;
--------------------------------------------------------
--  Ref Constraints for Table SU_CHATROOM
--------------------------------------------------------

  ALTER TABLE "ADMIN"."SU_CHATROOM" ADD CONSTRAINT "FK_CHATROOM_MEMBER_NO" FOREIGN KEY ("MEMBER_NO")
	  REFERENCES "ADMIN"."SU_MEMBER" ("MEMBER_NO") ON DELETE SET NULL ENABLE;
--------------------------------------------------------
--  Ref Constraints for Table SU_GRADE
--------------------------------------------------------

  ALTER TABLE "ADMIN"."SU_GRADE" ADD CONSTRAINT "FK_GRADE_REGISTER_NO" FOREIGN KEY ("REGISTER_NO")
	  REFERENCES "ADMIN"."SU_REGISTER" ("REGISTER_NO") ON DELETE SET NULL ENABLE;
--------------------------------------------------------
--  Ref Constraints for Table SU_MEMBER
--------------------------------------------------------

  ALTER TABLE "ADMIN"."SU_MEMBER" ADD CONSTRAINT "FK_MEMBER_DEPARTMENT_NO" FOREIGN KEY ("DEPARTMENT_NO")
	  REFERENCES "ADMIN"."SU_DEPARTMENT" ("DEPARTMENT_NO") ON DELETE SET NULL ENABLE;
--------------------------------------------------------
--  Ref Constraints for Table SU_NOTICE
--------------------------------------------------------

  ALTER TABLE "ADMIN"."SU_NOTICE" ADD CONSTRAINT "FK_NOTICE_MEMBER_NO" FOREIGN KEY ("MEMBER_NO")
	  REFERENCES "ADMIN"."SU_MEMBER" ("MEMBER_NO") ON DELETE SET NULL ENABLE;
--------------------------------------------------------
--  Ref Constraints for Table SU_NOTICE_ATTACHMENT
--------------------------------------------------------

  ALTER TABLE "ADMIN"."SU_NOTICE_ATTACHMENT" ADD CONSTRAINT "FK_NOTICE_ATTACHMENT_NOTICE_NO" FOREIGN KEY ("NOTICE_NO")
	  REFERENCES "ADMIN"."SU_NOTICE" ("NOTICE_NO") ON DELETE CASCADE ENABLE;
--------------------------------------------------------
--  Ref Constraints for Table SU_REGISTER
--------------------------------------------------------

  ALTER TABLE "ADMIN"."SU_REGISTER" ADD CONSTRAINT "FK_REGISTER_SUBJECT_NO" FOREIGN KEY ("SUBJECT_NO")
	  REFERENCES "ADMIN"."SU_SUBJECT" ("SUBJECT_NO") ON DELETE SET NULL ENABLE;
  ALTER TABLE "ADMIN"."SU_REGISTER" ADD CONSTRAINT "FK_REGISTER_MEMBER_NO" FOREIGN KEY ("MEMBER_NO")
	  REFERENCES "ADMIN"."SU_MEMBER" ("MEMBER_NO") ON DELETE SET NULL ENABLE;
--------------------------------------------------------
--  Ref Constraints for Table SU_SUBJECT
--------------------------------------------------------

  ALTER TABLE "ADMIN"."SU_SUBJECT" ADD CONSTRAINT "FK_SUBJECT_MEMBER_NO" FOREIGN KEY ("MEMBER_NO")
	  REFERENCES "ADMIN"."SU_MEMBER" ("MEMBER_NO") ON DELETE SET NULL ENABLE;
  ALTER TABLE "ADMIN"."SU_SUBJECT" ADD CONSTRAINT "FK_SUBJECT_DEPARTMENT_NO" FOREIGN KEY ("DEPARTMENT_NO")
	  REFERENCES "ADMIN"."SU_DEPARTMENT" ("DEPARTMENT_NO") ON DELETE SET NULL ENABLE;
